Workbook

Sheet Welcome
G4: The data for the last 5 years' sales [2017-2021] is available in the Five Year data worksheet.
F9: Name | G9: Aisha Abdisamad
F10: Student Number
F12: Date | G12: 45338

Sheet Five Year data
A1: Years | B1: Months | C1: Clean Months | D1: Toronto | E1: Ottawa
A2: 2017 | B2: JanuaRY_x000E_ | C2: =TRIM(+PROPER(+CLEAN(B2))) -> January | D2: 53980 | E2: 11325
A3: 2017 | B3: February | C3: =TRIM(+PROPER(+CLEAN(B3))) -> February | D3: 50896 | E3: 10452
A4: 2017 | B4: March | C4: =TRIM(+PROPER(+CLEAN(B4))) -> March | D4: 53452 | E4: 10965
A5: 2017 | B5: April | C5: =TRIM(+PROPER(+CLEAN(B5))) -> April | D5: 54096 | E5: 11254
A6: 2017 | B6: May | C6: =TRIM(+PROPER(+CLEAN(B6))) -> May | D6: 55054 | E6: 12698
A7: 2017 | B7: June | C7: =TRIM(+PROPER(+CLEAN(B7))) -> June | D7: 55998 | E7: 13965
A8: 2017 | B8: July | C8: =TRIM(+PROPER(+CLEAN(B8))) -> July | D8: 55950 | E8: 14023
A9: 2017 | B9: August_x000E_ | C9: =TRIM(+PROPER(+CLEAN(B9))) -> August | D9: 55580 | E9: 12365
A10: 2017 | B10: SepteMber_x000E_ | C10: =TRIM(+PROPER(+CLEAN(B10))) -> September | D10: 54570 | E10: 12547
A11: 2017 | B11: October | C11: =TRIM(+PROPER(+CLEAN(B11))) -> October | D11: 50652 | E11: 11369
A12: 2017 | B12: _x000E_November | C12: =TRIM(+PROPER(+CLEAN(B12))) -> November | D12: 50865 | E12: 12006
A13: 2017 | B13: December | C13: =TRIM(+PROPER(+CLEAN(B13))) -> December | D13: 53435 | E13: 12987
... A61: 2021 | B61: December | C61: =TRIM(+PROPER(+CLEAN(B61))) -> December | D61: 60049 | E61: 15989

Sheet Ontario
A1: Years | B1: Months | C1: Toronto | D1: Ottawa | E1: Ontario -Total
A2: {='Five Year data'!A2:A61} -> 2017 | B2: {='Five Year data'!C2:C61} -> January | C2: {='Five Year data'!D2:D61} -> 53980 | D2: {='Five Year data'!E2:E61} -> 11325 | E2: =SUM(C2+D2) -> 65305 | G2: Average of Ontario -Total | H2: Years
A3: 2017 | B3: February | C3: 50896 | D3: 10452 | E3: =SUM(C3+D3) -> 61348 | G3: Months | H3: 2017 | I3: 2018 | J3: 2019 | K3: 2020 | L3: 2021 | M3: Grand Total
A4: 2017 | B4: March | C4: 53452 | D4: 10965 | E4: =SUM(C4+D4) -> 64417 | G4: January | H4: 65305 | I4: 67978 | J4: 70255 | K4: 73186 | L4: 75787 | M4: 70502.2
A5: 2017 | B5: April | C5: 54096 | D5: 11254 | E5: =SUM(C5+D5) -> 65350 | G5: February | H5: 61348 | I5: 63434 | J5: 64021 | K5: 68352 | L5: 69669 | M5: 65364.8
A6: 2017 | B6: May | C6: 55054 | D6: 12698 | E6: =SUM(C6+D6) -> 67752 | G6: March | H6: 64417 | I6: 68110 | J6: 63009 | K6: 69698 | L6: 72023 | M6: 67451.4
A7: 2017 | B7: June | C7: 55998 | D7: 13965 | E7: =SUM(C7+D7) -> 69963 | G7: April | H7: 65350 | I7: 69007 | J7: 65685 | K7: 71092 | L7: 75153 | M7: 69257.4
A8: 2017 | B8: July | C8: 55950 | D8: 14023 | E8: =SUM(C8+D8) -> 69973 | G8: May | H8: 67752 | I8: 70645 | J8: 65423 | K8: 72642 | L8: 76872 | M8: 70666.8
A9: 2017 | B9: August | C9: 55580 | D9: 12365 | E9: =SUM(C9+D9) -> 67945 | G9: June | H9: 69963 | I9: 72283 | J9: 67011 | K9: 74696 | L9: 76757 | M9: 72142
A10: 2017 | B10: September | C10: 54570 | D10: 12547 | E10: =SUM(C10+D10) -> 67117 | G10: July | H10: 69973 | I10: 72544 | J10: 69012 | K10: 74220 | L10: 75883 | M10: 72326.4
A11: 2017 | B11: October | C11: 50652 | D11: 11369 | E11: =SUM(C11+D11) -> 62021 | G11: August | H11: 67945 | I11: 70354 | J11: 69245 | K11: 71460 | L11: 74984 | M11: 70797.6
A12: 2017 | B12: November | C12: 50865 | D12: 12006 | E12: =SUM(C12+D12) -> 62871 | G12: September | H12: 67117 | I12: 69765 | J12: 69354 | K12: 70828 | L12: 72938 | M12: 70000.4
A13: 2017 | B13: December | C13: 53435 | D13: 12987 | E13: =SUM(C13+D13) -> 66422 | G13: October | H13: 62021 | I13: 65693 | J13: 64747 | K13: 64169 | L13: 65747 | M13: 64475.4
A14: 2018 | B14: January | C14: 56320 | D14: 11658 | E14: =SUM(C14+D14) -> 67978 | G14: November | H14: 62871 | I14: 64343 | J14: 63920 | K14: 64890 | L14: 65376 | M14: 64280
A15: 2018 | B15: February | C15: 53065 | D15: 10369 | E15: =SUM(C15+D15) -> 63434 | G15: December | H15: 66422 | I15: 69655 | J15: 70746 | K15: 73443 | L15: 76038 | M15: 71260.8
A16: 2018 | B16: March | C16: 55125 | D16: 12985 | E16: =SUM(C16+D16) -> 68110 | G16: Grand Total | H16: 65873.667 | I16: 68650.917 | J16: 66869 | K16: 70723 | L16: 73102.25 | M16: 69043.767
A17: 2018 | B17: April | C17: 56002 | D17: 13005 | E17: =SUM(C17+D17) -> 69007
A18: 2018 | B18: May | C18: 56987 | D18: 13658 | E18: =SUM(C18+D18) -> 70645
A19: 2018 | B19: June | C19: 57631 | D19: 14652 | E19: =SUM(C19+D19) -> 72283
A20: 2018 | B20: July | C20: 57548 | D20: 14996 | E20: =SUM(C20+D20) -> 72544
A21: 2018 | B21: August | C21: 56369 | D21: 13985 | E21: =SUM(C21+D21) -> 70354
A22: 2018 | B22: September | C22: 56239 | D22: 13526 | E22: =SUM(C22+D22) -> 69765
A23: 2018 | B23: October | C23: 52469 | D23: 13224 | E23: =SUM(C23+D23) -> 65693
A24: 2018 | B24: November | C24: 52307 | D24: 12036 | E24: =SUM(C24+D24) -> 64343
A25: 2018 | B25: December | C25: 55557 | D25: 14098 | E25: =SUM(C25+D25) -> 69655
A26: 2019 | B26: January | C26: 57890 | D26: 12365 | E26: =SUM(C26+D26) -> 70255
A27: 2019 | B27: February | C27: 53985 | D27: 10036 | E27: =SUM(C27+D27) -> 64021
A28: 2019 | B28: March | C28: 52047 | D28: 10962 | E28: =SUM(C28+D28) -> 63009
... A61: 2021 | B61: December | C61: 60049 | D61: 15989 | E61: =SUM(C61+D61) -> 76038

Sheet Provincial Trend
A1: Months | B1: Ontario-Total
A2: {=_xlfn.ANCHORARRAY(Ontario!B2)} -> January | B2: {=Ontario!E2:E61} -> 65305
A3: February | B3: 61348
A4: March | B4: 64417
A5: April | B5: 65350
A6: May | B6: 67752
A7: June | B7: 69963
A8: July | B8: 69973
A9: August | B9: 67945
A10: September | B10: 67117
A11: October | B11: 62021
A12: November | B12: 62871
A13: December | B13: 66422
A14: January | B14: 67978
... A61: December | B61: 76038
